[
  {
    "attributes": {
      "type": "Picklist Values",
      "referenceId": "Picklist Values_1"
    },
    "Object": "Product2",
    "Field": "Family"
  },
  {
    "attributes": {
      "type": "Picklist Values",
      "referenceId": "Picklist Values_2"
    },
    "Object": "Product2",
    "Field": "Family",
    "Value": "Bundle"
  },
  {
    "attributes": {
      "type": "Picklist Values",
      "referenceId": "Picklist Values_3"
    },
    "Object": "Product2",
    "Field": "Family",
    "Value": "Construction"
  },
  {
    "attributes": {
      "type": "Picklist Values",
      "referenceId": "Picklist Values_4"
    },
    "Object": "Product2",
    "Field": "ConfigureDuringSale",
    "Value": "Allowed"
  },
  {
    "attributes": {
      "type": "Picklist Values",
      "referenceId": "Picklist Values_5"
    },
    "Object": "Product2",
    "Field": "ConfigureDuringSale",
    "Value": "NotAllowed"
  },
  {
    "attributes": {
      "type": "Picklist Values",
      "referenceId": "Picklist Values_6"
    },
    "Object": "Product2",
    "Field": "ConfigureDuringSale",
    "Value": "Required"
  },
  {
    "attributes": {
      "type": "Picklist Values",
      "referenceId": "Picklist Values_7"
    },
    "Object": "Product2",
    "Field": "DecompositionScope",
    "Value": "OrderLineItem"
  },
  {
    "attributes": {
      "type": "Picklist Values",
      "referenceId": "Picklist Values_8"
    },
    "Object": "Product2",
    "Field": "DecompositionScope",
    "Value": "Order"
  },
  {
    "attributes": {
      "type": "Picklist Values",
      "referenceId": "Picklist Values_9"
    },
    "Object": "Product2",
    "Field": "DecompositionScope",
    "Value": "Bundle"
  },
  {
    "attributes": {
      "type": "Picklist Values",
      "referenceId": "Picklist Values_10"
    },
    "Object": "Product2",
    "Field": "DecompositionScope",
    "Value": "Account"
  },
  {
    "attributes": {
      "type": "Picklist Values",
      "referenceId": "Picklist Values_11"
    },
    "Object": "Product2",
    "Field": "FulfillmentQtyCalcMethod",
    "Value": "Aggregate"
  },
  {
    "attributes": {
      "type": "Picklist Values",
      "referenceId": "Picklist Values_12"
    },
    "Object": "Product2",
    "Field": "FulfillmentQtyCalcMethod",
    "Value": "AlwaysOne"
  },
  {
    "attributes": {
      "type": "Picklist Values",
      "referenceId": "Picklist Values_13"
    },
    "Object": "Product2",
    "Field": "TransferRecordMode",
    "Value": "SendAndReceive"
  },
  {
    "attributes": {
      "type": "Picklist Values",
      "referenceId": "Picklist Values_14"
    },
    "Object": "Product2",
    "Field": "TransferRecordMode",
    "Value": "ReceiveOnly"
  },
  {
    "attributes": {
      "type": "Picklist Values",
      "referenceId": "Picklist Values_15"
    },
    "Object": "Product2",
    "Field": "Type",
    "Value": "Bundle"
  },
  {
    "attributes": {
      "type": "Picklist Values",
      "referenceId": "Picklist Values_16"
    },
    "Object": "Product2",
    "Field": "UsageModelType",
    "Value": "Anchor"
  },
  {
    "attributes": {
      "type": "Picklist Values",
      "referenceId": "Picklist Values_17"
    },
    "Object": "Product2",
    "Field": "UsageModelType",
    "Value": "Pack"
  },
  {
    "attributes": {
      "type": "Picklist Values",
      "referenceId": "Picklist Values_18"
    },
    "Object": "Product2",
    "Field": "UsageModelType",
    "Value": "Commit"
  },
  {
    "attributes": {
      "type": "Picklist Values",
      "referenceId": "Picklist Values_19"
    },
    "Object": "Product2",
    "Field": "QuantityUnitOfMeasure",
    "Value": "Each"
  },
  {
    "attributes": {
      "type": "Picklist Values",
      "referenceId": "Picklist Values_20"
    },
    "Object": "ProductSellingModel",
    "Field": "SellingModelType",
    "Value": "OneTime"
  },
  {
    "attributes": {
      "type": "Picklist Values",
      "referenceId": "Picklist Values_21"
    },
    "Object": "ProductSellingModel",
    "Field": "SellingModelType",
    "Value": "TermDefined"
  },
  {
    "attributes": {
      "type": "Picklist Values",
      "referenceId": "Picklist Values_22"
    },
    "Object": "ProductSellingModel",
    "Field": "SellingModelType",
    "Value": "Evergreen"
  },
  {
    "attributes": {
      "type": "Picklist Values",
      "referenceId": "Picklist Values_23"
    },
    "Object": "ProductSellingModel",
    "Field": "PricingTermUnit",
    "Value": "Months"
  },
  {
    "attributes": {
      "type": "Picklist Values",
      "referenceId": "Picklist Values_24"
    },
    "Object": "ProductSellingModel",
    "Field": "PricingTermUnit",
    "Value": "Quarterly"
  },
  {
    "attributes": {
      "type": "Picklist Values",
      "referenceId": "Picklist Values_25"
    },
    "Object": "ProductSellingModel",
    "Field": "PricingTermUnit",
    "Value": "Semi-Annual"
  },
  {
    "attributes": {
      "type": "Picklist Values",
      "referenceId": "Picklist Values_26"
    },
    "Object": "ProductSellingModel",
    "Field": "PricingTermUnit",
    "Value": "Annual"
  },
  {
    "attributes": {
      "type": "Picklist Values",
      "referenceId": "Picklist Values_27"
    },
    "Object": "ProductSellingModel",
    "Field": "Status",
    "Value": "Draft"
  },
  {
    "attributes": {
      "type": "Picklist Values",
      "referenceId": "Picklist Values_28"
    },
    "Object": "ProductSellingModel",
    "Field": "Status",
    "Value": "Active"
  },
  {
    "attributes": {
      "type": "Picklist Values",
      "referenceId": "Picklist Values_29"
    },
    "Object": "ProductSellingModel",
    "Field": "Status",
    "Value": "Inactive"
  },
  {
    "attributes": {
      "type": "Picklist Values",
      "referenceId": "Picklist Values_30"
    },
    "Object": "TaxPolicy",
    "Field": "Status",
    "Value": "Draft"
  },
  {
    "attributes": {
      "type": "Picklist Values",
      "referenceId": "Picklist Values_31"
    },
    "Object": "TaxPolicy",
    "Field": "Status",
    "Value": "Active"
  },
  {
    "attributes": {
      "type": "Picklist Values",
      "referenceId": "Picklist Values_32"
    },
    "Object": "TaxPolicy",
    "Field": "Status",
    "Value": "Inactive"
  },
  {
    "attributes": {
      "type": "Picklist Values",
      "referenceId": "Picklist Values_33"
    },
    "Object": "TaxPolicy",
    "Field": "TreatmentSelection",
    "Value": "LegalEntity"
  },
  {
    "attributes": {
      "type": "Picklist Values",
      "referenceId": "Picklist Values_34"
    },
    "Object": "TaxPolicy",
    "Field": "TreatmentSelection",
    "Value": "Manual"
  },
  {
    "attributes": {
      "type": "Picklist Values",
      "referenceId": "Picklist Values_35"
    },
    "Object": "TaxPolicy",
    "Field": "TreatmentSelection",
    "Value": "Default"
  },
  {
    "attributes": {
      "type": "Picklist Values",
      "referenceId": "Picklist Values_36"
    },
    "Object": "LegalEntity",
    "Field": "Status",
    "Value": "Draft"
  },
  {
    "attributes": {
      "type": "Picklist Values",
      "referenceId": "Picklist Values_37"
    },
    "Object": "LegalEntity",
    "Field": "Status",
    "Value": "Active"
  },
  {
    "attributes": {
      "type": "Picklist Values",
      "referenceId": "Picklist Values_38"
    },
    "Object": "LegalEntity",
    "Field": "Status",
    "Value": "Inactive"
  },
  {
    "attributes": {
      "type": "Picklist Values",
      "referenceId": "Picklist Values_39"
    },
    "Object": "ProductClassification",
    "Field": "Status",
    "Value": "Draft"
  },
  {
    "attributes": {
      "type": "Picklist Values",
      "referenceId": "Picklist Values_40"
    },
    "Object": "ProductClassification",
    "Field": "Status",
    "Value": "Active"
  },
  {
    "attributes": {
      "type": "Picklist Values",
      "referenceId": "Picklist Values_41"
    },
    "Object": "ProductClassification",
    "Field": "Status",
    "Value": "Inactive"
  },
  {
    "attributes": {
      "type": "Picklist Values",
      "referenceId": "Picklist Values_42"
    },
    "Object": "AttributeDefinition",
    "Field": "DataType",
    "Value": "Checkbox"
  },
  {
    "attributes": {
      "type": "Picklist Values",
      "referenceId": "Picklist Values_43"
    },
    "Object": "AttributeDefinition",
    "Field": "DataType",
    "Value": "Date"
  },
  {
    "attributes": {
      "type": "Picklist Values",
      "referenceId": "Picklist Values_44"
    },
    "Object": "AttributeDefinition",
    "Field": "DataType",
    "Value": "Datetime"
  },
  {
    "attributes": {
      "type": "Picklist Values",
      "referenceId": "Picklist Values_45"
    },
    "Object": "AttributeDefinition",
    "Field": "DataType",
    "Value": "Number"
  },
  {
    "attributes": {
      "type": "Picklist Values",
      "referenceId": "Picklist Values_46"
    },
    "Object": "AttributeDefinition",
    "Field": "DataType",
    "Value": "Text"
  },
  {
    "attributes": {
      "type": "Picklist Values",
      "referenceId": "Picklist Values_47"
    },
    "Object": "AttributeDefinition",
    "Field": "DataType",
    "Value": "Currency"
  },
  {
    "attributes": {
      "type": "Picklist Values",
      "referenceId": "Picklist Values_48"
    },
    "Object": "AttributeDefinition",
    "Field": "DataType",
    "Value": "Percent"
  },
  {
    "attributes": {
      "type": "Picklist Values",
      "referenceId": "Picklist Values_49"
    },
    "Object": "AttributeDefinition",
    "Field": "DataType",
    "Value": "Picklist"
  },
  {
    "attributes": {
      "type": "Picklist Values",
      "referenceId": "Picklist Values_50"
    },
    "Object": "PriceAdjustmentSchedule",
    "Field": "ScheduleType",
    "Value": "Volume"
  },
  {
    "attributes": {
      "type": "Picklist Values",
      "referenceId": "Picklist Values_51"
    },
    "Object": "PriceAdjustmentSchedule",
    "Field": "ScheduleType",
    "Value": "Term"
  },
  {
    "attributes": {
      "type": "Picklist Values",
      "referenceId": "Picklist Values_52"
    },
    "Object": "PriceAdjustmentSchedule",
    "Field": "ScheduleType",
    "Value": "Attribute"
  },
  {
    "attributes": {
      "type": "Picklist Values",
      "referenceId": "Picklist Values_53"
    },
    "Object": "PriceAdjustmentSchedule",
    "Field": "ScheduleType",
    "Value": "Bundle"
  },
  {
    "attributes": {
      "type": "Picklist Values",
      "referenceId": "Picklist Values_54"
    },
    "Object": "PriceAdjustmentSchedule",
    "Field": "ScheduleType",
    "Value": "Custom"
  },
  {
    "attributes": {
      "type": "Picklist Values",
      "referenceId": "Picklist Values_55"
    },
    "Object": "PriceAdjustmentSchedule",
    "Field": "AdjustmentMethod",
    "Value": "Range"
  },
  {
    "attributes": {
      "type": "Picklist Values",
      "referenceId": "Picklist Values_56"
    },
    "Object": "PriceAdjustmentSchedule",
    "Field": "AdjustmentMethod",
    "Value": "Slab"
  },
  {
    "attributes": {
      "type": "Picklist Values",
      "referenceId": "Picklist Values_57"
    },
    "Object": "PriceAdjustmentTier",
    "Field": "TierType",
    "Value": "Percent"
  },
  {
    "attributes": {
      "type": "Picklist Values",
      "referenceId": "Picklist Values_58"
    },
    "Object": "PriceAdjustmentTier",
    "Field": "TierType",
    "Value": "Amount"
  },
  {
    "attributes": {
      "type": "Picklist Values",
      "referenceId": "Picklist Values_59"
    },
    "Object": "TaxEngine",
    "Field": "Status",
    "Value": "Draft"
  },
  {
    "attributes": {
      "type": "Picklist Values",
      "referenceId": "Picklist Values_60"
    },
    "Object": "TaxEngine",
    "Field": "Status",
    "Value": "Active"
  },
  {
    "attributes": {
      "type": "Picklist Values",
      "referenceId": "Picklist Values_61"
    },
    "Object": "TaxEngine",
    "Field": "Status",
    "Value": "Inactive"
  },
  {
    "attributes": {
      "type": "Picklist Values",
      "referenceId": "Picklist Values_62"
    },
    "Object": "TaxEngine",
    "Field": "Type",
    "Value": "Internal"
  },
  {
    "attributes": {
      "type": "Picklist Values",
      "referenceId": "Picklist Values_63"
    },
    "Object": "TaxEngine",
    "Field": "Type",
    "Value": "External"
  }
]