[
  {
    "attributes": {
      "type": "Pricebook2",
      "referenceId": "Pricebook2_1"
    },
    "Id": "01sa50000027OvjAAE",
    "Name": "Nonprofit",
    "IsActive": "True",
    "IsStandard": "False",
    "IsArchived": "False"
  },
  {
    "attributes": {
      "type": "Pricebook2",
      "referenceId": "Pricebook2_2"
    },
    "Id": "01sa50000027OviAAE",
    "Name": "Standard",
    "IsActive": "False",
    "IsStandard": "False",
    "IsArchived": "False"
  },
  {
    "attributes": {
      "type": "Pricebook2",
      "referenceId": "Pricebook2_3"
    },
    "Id": "01sa50000027OvhAAE",
    "Name": "Standard Price Book",
    "IsActive": "True",
    "IsStandard": "True",
    "IsArchived": "False"
  }
]