[
  {
    "attributes": {
      "type": "Product2",
      "referenceId": "Product2_1"
    },
    "Name": "DCS Essentials",
    "ProductCode": "CYB-DCS-ESS-BUN",
    "StockKeepingUnit": "SKU-CYB-DCS-ESS-BUN",
    "Description": "Data Classification Suite - Essentials tier",
    "IsActive": "True",
    "Family": "Data Protection",
    "Type": "Bundle",
    "AvailabilityDate": "2025-06-01",
    "IsAssetizable": "True",
    "QuantityUnitOfMeasure": "Each",
    "IsSerialized": "True",
    "IsSoldOnlyWithOtherProds": "False"
  },
  {
    "attributes": {
      "type": "Product2",
      "referenceId": "Product2_2"
    },
    "Name": "DCS Advanced",
    "ProductCode": "CYB-DCS-ADV-BUN",
    "StockKeepingUnit": "SKU-CYB-DCS-ADV-BUN",
    "Description": "Data Classification Suite - Advanced tier",
    "IsActive": "True",
    "Family": "Data Protection",
    "Type": "Bundle",
    "AvailabilityDate": "2025-06-02",
    "IsAssetizable": "True",
    "QuantityUnitOfMeasure": "Each",
    "IsSerialized": "True",
    "IsSoldOnlyWithOtherProds": "False"
  },
  {
    "attributes": {
      "type": "Product2",
      "referenceId": "Product2_3"
    },
    "Name": "DCS Elite",
    "ProductCode": "CYB-DCS-ELITE-BUN",
    "StockKeepingUnit": "SKU-CYB-DCS-ELITE-BUN-SAAS",
    "Description": "Data Classification Suite - Elite tier (SaaS only)",
    "IsActive": "True",
    "Family": "Data Protection",
    "Type": "Bundle",
    "AvailabilityDate": "2025-06-03",
    "IsAssetizable": "True",
    "QuantityUnitOfMeasure": "Each",
    "IsSerialized": "True",
    "IsSoldOnlyWithOtherProds": "False"
  },
  {
    "attributes": {
      "type": "Product2",
      "referenceId": "Product2_4"
    },
    "Name": "Data Detection Engine",
    "ProductCode": "CYB-DCS-DDE-CMP",
    "StockKeepingUnit": "SKU-CYB-DCS-DDE-CMP",
    "Description": "Data Detection Engine",
    "IsActive": "True",
    "Family": "Data Protection",
    "AvailabilityDate": "2025-06-04",
    "IsAssetizable": "True",
    "QuantityUnitOfMeasure": "Each",
    "IsSerialized": "True",
    "IsSoldOnlyWithOtherProds": "True"
  },
  {
    "attributes": {
      "type": "Product2",
      "referenceId": "Product2_5"
    },
    "Name": "Unlimited Classification",
    "ProductCode": "CYB-DCS-UC-CMP",
    "StockKeepingUnit": "SKU-CYB-DCS-UC-CMP",
    "Description": "Unlimited Classification",
    "IsActive": "True",
    "Family": "Data Protection",
    "AvailabilityDate": "2025-06-05",
    "IsAssetizable": "True",
    "QuantityUnitOfMeasure": "Each",
    "IsSerialized": "True",
    "IsSoldOnlyWithOtherProds": "True"
  },
  {
    "attributes": {
      "type": "Product2",
      "referenceId": "Product2_6"
    },
    "Name": "DCS Analysis Collector",
    "ProductCode": "CYB-DCS-ACOL-CMP",
    "StockKeepingUnit": "SKU-CYB-DCS-ACOL-CMP",
    "Description": "DCS Analysis Collector",
    "IsActive": "True",
    "Family": "Data Protection",
    "AvailabilityDate": "2025-06-06",
    "IsAssetizable": "True",
    "IsSerialized": "True",
    "IsSoldOnlyWithOtherProds": "True"
  },
  {
    "attributes": {
      "type": "Product2",
      "referenceId": "Product2_7"
    },
    "Name": "DCS Admin Console",
    "ProductCode": "CYB-DCS-ACON-CMP",
    "StockKeepingUnit": "SKU-CYB-DCS-ACON-CMP",
    "Description": "DCS Admin Console",
    "IsActive": "True",
    "Family": "Data Protection",
    "AvailabilityDate": "2025-06-07",
    "IsAssetizable": "True",
    "IsSerialized": "True",
    "IsSoldOnlyWithOtherProds": "True"
  },
  {
    "attributes": {
      "type": "Product2",
      "referenceId": "Product2_8"
    },
    "Name": "DCS for Windows",
    "ProductCode": "CYB-DCS-FW-CMP",
    "StockKeepingUnit": "SKU-CYB-DCS-FW-CMP",
    "Description": "DCS for Windows",
    "IsActive": "True",
    "Family": "Data Protection",
    "AvailabilityDate": "2025-06-08",
    "IsAssetizable": "True",
    "IsSerialized": "True",
    "IsSoldOnlyWithOtherProds": "True"
  },
  {
    "attributes": {
      "type": "Product2",
      "referenceId": "Product2_9"
    },
    "Name": "DCS for OWA",
    "ProductCode": "CYB-DCS-OWA-CMP",
    "StockKeepingUnit": "SKU-CYB-DCS-OWA-CMP",
    "Description": "DCS for OWA",
    "IsActive": "True",
    "Family": "Data Protection",
    "AvailabilityDate": "2025-06-09",
    "IsAssetizable": "True",
    "IsSerialized": "True",
    "IsSoldOnlyWithOtherProds": "False"
  },
  {
    "attributes": {
      "type": "Product2",
      "referenceId": "Product2_10"
    },
    "Name": "Software Development Kit",
    "ProductCode": "CYB-DCS-SDK-CMP",
    "StockKeepingUnit": "SKU-CYB-DCS-SDK-CMP",
    "Description": "DCS Software Development Kit",
    "IsActive": "True",
    "Family": "Data Protection",
    "AvailabilityDate": "2025-06-10",
    "IsAssetizable": "True",
    "IsSerialized": "True",
    "IsSoldOnlyWithOtherProds": "True"
  },
  {
    "attributes": {
      "type": "Product2",
      "referenceId": "Product2_11"
    },
    "Name": "DCS Getting Started Package",
    "ProductCode": "CYB-DCS-QS-CMP",
    "StockKeepingUnit": "SKU-CYB-DCS-QS-CMP",
    "Description": "DCS Getting Started Package",
    "IsActive": "True",
    "Family": "Data Protection",
    "AvailabilityDate": "2025-06-11",
    "IsAssetizable": "True",
    "IsSerialized": "True",
    "IsSoldOnlyWithOtherProds": "True"
  },
  {
    "attributes": {
      "type": "Product2",
      "referenceId": "Product2_12"
    },
    "Name": "Fortra Mail for iOS",
    "ProductCode": "CYB-DCS-MAIL-ADD",
    "StockKeepingUnit": "SKU-CYB-DCS-MAIL-ADD",
    "Description": "Fortra Mail client for iOS devices",
    "IsActive": "True",
    "Family": "Data Protection",
    "AvailabilityDate": "2025-06-12",
    "IsAssetizable": "True",
    "IsSerialized": "True",
    "IsSoldOnlyWithOtherProds": "False"
  },
  {
    "attributes": {
      "type": "Product2",
      "referenceId": "Product2_13"
    },
    "Name": "DCS Policy Manager Desktop",
    "ProductCode": "CYB-DCS-PMD-ADD",
    "StockKeepingUnit": "SKU-CYB-DCS-PMD-ADD",
    "Description": "Cloud Policy Manager for Desktop",
    "IsActive": "True",
    "Family": "Data Protection",
    "AvailabilityDate": "2025-06-13",
    "IsAssetizable": "True",
    "IsSerialized": "True",
    "IsSoldOnlyWithOtherProds": "False"
  },
  {
    "attributes": {
      "type": "Product2",
      "referenceId": "Product2_14"
    },
    "Name": "DCS Policy Manager M365",
    "ProductCode": "CYB-DCS-PM365-ADD",
    "StockKeepingUnit": "SKU-CYB-DCS-PM365-ADD",
    "Description": "Cloud Policy Manager for Microsoft 365",
    "IsActive": "True",
    "Family": "Data Protection",
    "AvailabilityDate": "2025-06-14",
    "IsAssetizable": "True",
    "IsSerialized": "True",
    "IsSoldOnlyWithOtherProds": "False"
  },
  {
    "attributes": {
      "type": "Product2",
      "referenceId": "Product2_15"
    },
    "Name": "Professional Services Package 1",
    "ProductCode": "CYB-DP-PS1-SVC",
    "StockKeepingUnit": "SKU-CYB-DP-PS1-SVC",
    "Description": "Professional Services Package 1",
    "IsActive": "True",
    "Family": "Data Protection",
    "AvailabilityDate": "2025-06-15",
    "IsAssetizable": "True",
    "IsSerialized": "False",
    "IsSoldOnlyWithOtherProds": "False"
  },
  {
    "attributes": {
      "type": "Product2",
      "referenceId": "Product2_16"
    },
    "Name": "Professional Services Package 2",
    "ProductCode": "CYB-DP-PS2-SVC",
    "StockKeepingUnit": "SKU-CYB-DP-PS2-SVC",
    "Description": "Professional Services Package 2",
    "IsActive": "True",
    "Family": "Data Protection",
    "AvailabilityDate": "2025-06-16",
    "IsAssetizable": "True",
    "IsSerialized": "False",
    "IsSoldOnlyWithOtherProds": "False"
  },
  {
    "attributes": {
      "type": "Product2",
      "referenceId": "Product2_17"
    },
    "Name": "Professional Services Package 3",
    "ProductCode": "CYB-DP-PS3-SVC",
    "StockKeepingUnit": "SKU-CYB-DP-PS3-SVC",
    "Description": "Professional Services Package 3",
    "IsActive": "True",
    "Family": "Data Protection",
    "AvailabilityDate": "2025-06-17",
    "IsAssetizable": "True",
    "IsSerialized": "False",
    "IsSoldOnlyWithOtherProds": "False"
  },
  {
    "attributes": {
      "type": "Product2",
      "referenceId": "Product2_18"
    },
    "Name": "Training",
    "ProductCode": "CYB-DP-TRN-SVC",
    "StockKeepingUnit": "SKU-CYB-DP-TRN-SVC",
    "Description": "Training",
    "IsActive": "True",
    "Family": "Data Protection",
    "AvailabilityDate": "2025-06-18",
    "IsAssetizable": "True",
    "IsSerialized": "False",
    "IsSoldOnlyWithOtherProds": "False"
  },
  {
    "attributes": {
      "type": "Product2",
      "referenceId": "Product2_19"
    },
    "Name": "Support - Tier 1",
    "ProductCode": "CYB-SUP-T1-SVC",
    "StockKeepingUnit": "SKU-CYB-SUP-T1-SVC",
    "Description": "Support - Tier 1",
    "IsActive": "True",
    "Family": "Data Protection",
    "AvailabilityDate": "2025-06-19",
    "IsAssetizable": "True",
    "IsSerialized": "False",
    "IsSoldOnlyWithOtherProds": "False"
  },
  {
    "attributes": {
      "type": "Product2",
      "referenceId": "Product2_20"
    },
    "Name": "Support - Tier 2",
    "ProductCode": "CYB-SUP-T2-SVC",
    "StockKeepingUnit": "SKU-CYB-SUP-T2-SVC",
    "Description": "Support - Tier 2",
    "IsActive": "True",
    "Family": "Data Protection",
    "AvailabilityDate": "2025-06-20",
    "IsAssetizable": "True",
    "IsSerialized": "False",
    "IsSoldOnlyWithOtherProds": "False"
  },
  {
    "attributes": {
      "type": "Product2",
      "referenceId": "Product2_21"
    },
    "Name": "Support - Tier 3",
    "ProductCode": "CYB-SUP-T3-SVC",
    "StockKeepingUnit": "SKU-CYB-SUP-T3-SVC",
    "Description": "Support - Tier 3",
    "IsActive": "True",
    "Family": "Data Protection",
    "AvailabilityDate": "2025-06-21",
    "IsAssetizable": "True",
    "IsSerialized": "False",
    "IsSoldOnlyWithOtherProds": "False"
  }
]