[
  {
    "sobject": "ProductCategory__c",
    "externalId": "CategoryCode__c",
    "files": [
      "/Users/marcdebrey/cpq-revenue-cloud-migration/fortradp2Upload/data/csv_output/pass1/ProductCategory.csv"
    ]
  },
  {
    "sobject": "ProductCatalog__c",
    "externalId": "CatalogCode__c",
    "files": [
      "/Users/marcdebrey/cpq-revenue-cloud-migration/fortradp2Upload/data/csv_output/pass1/ProductCatalog.csv"
    ]
  },
  {
    "sobject": "AttributeDefinition__c",
    "externalId": "AttributeCode__c",
    "files": [
      "/Users/marcdebrey/cpq-revenue-cloud-migration/fortradp2Upload/data/csv_output/pass1/AttributeDefinition.csv"
    ]
  },
  {
    "sobject": "Product2",
    "externalId": "ProductCode__c",
    "files": [
      "/Users/marcdebrey/cpq-revenue-cloud-migration/fortradp2Upload/data/csv_output/pass1/Product2.csv"
    ]
  }
]