[
  {
    "sobject": "ProductCategoryProduct__c",
    "files": [
      "/Users/marcdebrey/cpq-revenue-cloud-migration/fortradp2Upload/data/csv_output/pass2/ProductCategoryProduct.csv"
    ],
    "lookups": [
      {
        "sobjectField": "Product__r.ProductCode__c",
        "lookupExternalIdField": "ProductCode__c"
      },
      {
        "sobjectField": "ProductCategory__r.CategoryCode__c",
        "lookupExternalIdField": "CategoryCode__c"
      }
    ]
  },
  {
    "sobject": "ProductAttributeDefinition__c",
    "files": [
      "/Users/marcdebrey/cpq-revenue-cloud-migration/fortradp2Upload/data/csv_output/pass2/ProductAttributeDefinition.csv"
    ],
    "lookups": [
      {
        "sobjectField": "Product__r.ProductCode__c",
        "lookupExternalIdField": "ProductCode__c"
      },
      {
        "sobjectField": "AttributeDefinition__r.AttributeCode__c",
        "lookupExternalIdField": "AttributeCode__c"
      }
    ]
  },
  {
    "sobject": "ProductRelatedComponent__c",
    "files": [
      "/Users/marcdebrey/cpq-revenue-cloud-migration/fortradp2Upload/data/csv_output/pass2/ProductRelatedComponent.csv"
    ],
    "lookups": [
      {
        "sobjectField": "ParentProduct__r.ProductCode__c",
        "lookupExternalIdField": "ProductCode__c"
      },
      {
        "sobjectField": "ChildProduct__r.ProductCode__c",
        "lookupExternalIdField": "ProductCode__c"
      }
    ]
  },
  {
    "sobject": "ProductSellingModelOption__c",
    "files": [
      "/Users/marcdebrey/cpq-revenue-cloud-migration/fortradp2Upload/data/csv_output/pass2/ProductSellingModelOption.csv"
    ],
    "lookups": [
      {
        "sobjectField": "Product__r.ProductCode__c",
        "lookupExternalIdField": "ProductCode__c"
      },
      {
        "sobjectField": "ProductSellingModel__r.ModelCode__c",
        "lookupExternalIdField": "ModelCode__c"
      }
    ]
  }
]